﻿pos_x,pos_y,rotation,side,designator,mpn,pack,footprint,value,mount_type
194.5,-118.0,90.0,top,C3,,,C_0805_2012Metric,100nF,smt
203.5,-118.0,90.0,top,C4,,,C_0805_2012Metric,100nF,smt
194.5,-126.0,90.0,top,C5,,,C_0805_2012Metric,100nF,smt
203.5,-126.0,90.0,top,C6,,,C_0805_2012Metric,100nF,smt
202.0,-98.5,0.0,top,D1,,,D_SOD-523,1N4448X-TP,smt
183.31875,-84.429,0.0,top,D2,,,WL-TMRC_3MM,151031VS06000,tht
183.31875,-90.054,0.0,top,D3,,,WL-TMRC_3MM,151031SS06000,tht
198.5,-98.5,0.0,top,D4,,,D_SOD-523,1N4448X-TP,smt
201.5,-94.0,90.0,top,J1,,,MFJ_2X1,CONN_AIR,tht
201.5,-86.873,90.0,top,J2,,,MFJ_2X1,TSAL_CONN_AIR,tht
201.5,-79.746,90.0,top,J3,,,MFJ_2X1,TSAL_CONN_LV,tht
201.5,-72.619,90.0,top,J4,,,MFJ_2X1,CONN_LV,tht
118.015,-78.0,90.0,top,J5,,,APP_ASMPR45-1X2-RK,CONN_HV,tht
118.015,-96.5,90.0,top,J6,,,APP_ASMPR45-1X2-RK,CONN_CAP,tht
172.0,-74.5,0.0,top,K1,,,RELAY_G9KB-1A_OMR,12V,tht
185.5,-120.75,0.0,top,PS1,,,SMD5_12.75X10.7X6.7_SINGLE_RCP,PESE1-S12-S5-M-TR,smt
185.4942,-107.3,0.0,top,PS2,,,SMD5_12.75X10.7X6.7_SINGLE_RCP,PESE1-S12-S5-M-TR,smt
200.0,-102.5,0.0,top,Q1,,,SOIC-8_3.9x4.9mm_P1.27mm,SI1539CDL-T1-GE3,smt
193.862414,-98.982821,0.0,top,Q2,,,SOT-23-3,NTR4003NT1G,smt
136.402793,-119.5,180.0,top,R1,,,RC2512N_VIS,124K,smt
198.0,-112.5,180.0,top,R10,,,R_0805_2012Metric,10K,smt
194.0,-108.0,0.0,top,R11,,,R_0805_2012Metric,10K,smt
194.0,-105.5,0.0,top,R12,,,R_0805_2012Metric,10K,smt
202.0,-112.5,0.0,top,R13,,,R_0805_2012Metric,10K,smt
206.0,-108.0,180.0,top,R14,,,R_0805_2012Metric,10K,smt
206.0,-110.5,180.0,top,R15,,,R_0805_2012Metric,10K,smt
187.16375,-84.679,-90.0,top,R16,,,R_0805_2012Metric,600,smt
187.16375,-90.179,-90.0,top,R17,,,R_0805_2012Metric,600,smt
128.5,-119.5,180.0,top,R2,,,RC2512N_VIS,110K,smt
128.5,-123.5,0.0,top,R3,,,RC2512N_VIS,1K,smt
152.325,-123.475,180.0,top,R4,,,RC2512N_VIS,124K,smt
144.3,-123.5,180.0,top,R5,,,RC2512N_VIS,110K,smt
136.402793,-123.5,180.0,top,R6,,,RC2512N_VIS,1K,smt
128.553601,-111.0,90.0,top,R7,,,PWR263S-35-1002F_BRN,15K,smt
206.0,-105.5,180.0,top,R8,,,R_0805_2012Metric,9K7,smt
194.0,-110.5,0.0,top,R9,,,R_0805_2012Metric,10K,smt
199.001,-121.95,90.0,top,U1,,,SOIC127P1150X361-8N,ACPL-C87A-500E,smt
208.0,-121.95,90.0,top,U2,,,SOIC127P1150X361-8N,ACPL-C87A-500E,smt
200.0,-108.0,0.0,top,U3,,,SOIC127P600X175-8N,MC33072DR2G,smt
193.8625,-102.45,180.0,top,U4,,,SOT-23-5,TL331,smt
