﻿Designator,Quantity,Value,Footprint,Package,MPN,DNP,Mount_Type,Description,Sim.Device,Sim.Pins,Model,Tolerance,Sim.Library,Sim.Name
12V,1,TestPoint,TestPoint_Pad_1.5x1.5mm,,,,tht,test point,,,,,,
"5VHV, 5VLV, AIR, HVGND, LVGND, TP1, TP2, TP3, TP4, TP5, TP6, TP7, TP8, VBAT, VBAT0.5, VCAP, VCAP0.5",17,TestPoint,TestPoint_Pad_D1.5mm,,,,tht,test point,,,,,,
"C3, C4, C5, C6",4,100nF,C_0805_2012Metric,,,,smt,"Unpolarized capacitor, small symbol",,,,,,
"D1, D4",2,1N4448X-TP,D_SOD-523,,,,smt,"Diode, small symbol",D,1=K 2=A,,,,
D2,1,151031VS06000,WL-TMRC_3MM,,,,tht,"Light emitting diode, small symbol",,,,,,
D3,1,151031SS06000,WL-TMRC_3MM,,,,tht,"Light emitting diode, small symbol",,,,,,
J1,1,CONN_AIR,MFJ_2X1,,,,tht,"Generic connector, single row, 01x02, script generated (kicad-library-utils/schlib/autogen/connector/)",,,,,,
J2,1,TSAL_CONN_AIR,MFJ_2X1,,,,tht,"Generic connector, single row, 01x02, script generated (kicad-library-utils/schlib/autogen/connector/)",,,,,,
J3,1,TSAL_CONN_LV,MFJ_2X1,,,,tht,"Generic connector, single row, 01x02, script generated (kicad-library-utils/schlib/autogen/connector/)",,,,,,
J4,1,CONN_LV,MFJ_2X1,,,,tht,"Generic connector, single row, 01x02, script generated (kicad-library-utils/schlib/autogen/connector/)",,,,,,
J5,1,CONN_HV,APP_ASMPR45-1X2-RK,,,,tht,"Generic connector, single row, 01x02, script generated (kicad-library-utils/schlib/autogen/connector/)",,,,,,
J6,1,CONN_CAP,APP_ASMPR45-1X2-RK,,,,tht,"Generic connector, single row, 01x02, script generated (kicad-library-utils/schlib/autogen/connector/)",,,,,,
K1,1,12V,RELAY_G9KB-1A_OMR,,,,tht,,,,G9KB-1A DC12,,,
"PS1, PS2",2,PESE1-S12-S5-M-TR,SMD5_12.75X10.7X6.7_SINGLE_RCP,,,,smt,"XP Power 6W, 1000 VDC Isolated DC/DC Converter Module, Fully Regulated Single Output Voltage 5V, ±1200mA, 5V Input Voltage, SIP",,,,,,
Q1,1,SI1539CDL-T1-GE3,SOIC-8_3.9x4.9mm_P1.27mm,,,,smt,"Dual N and P Channel MOSFET, 6A Id, 30V Vds, 28mOhm Ron, 10V Vgs, SO8L",,,,,,
Q2,1,NTR4003NT1G,SOT-23-3,,,,smt,"N-MOSFET transistor, gate/drain/source",,,,,,
"R1, R4",2,124K,RC2512N_VIS,,,,smt,"Resistor, small symbol",,,CRCW2512124KFKEG,≥1%,,
"R10, R11, R12, R13, R14, R15, R9",7,10K,R_0805_2012Metric,,,,smt,"Resistor, small symbol",,,,,,
"R16, R17",2,600,R_0805_2012Metric,,,,smt,"Resistor, small symbol",,,,,,
"R2, R5",2,110K,RC2512N_VIS,,,,smt,"Resistor, small symbol",,,CRCW2512110KFKEG,≥1%,,
"R3, R6",2,1K,RC2512N_VIS,,,,smt,"Resistor, small symbol",,,CRCW25121K00FKEG,≥1%,,
R7,1,15K,PWR263S-35-1002F_BRN,,,,smt,Resistive heater,,,PWR263S-35-1002F,,,
R8,1,9K7,R_0805_2012Metric,,,,smt,"Resistor, small symbol",,,,,,
"U1, U2",2,ACPL-C87A-500E,SOIC127P1150X361-8N,,,,smt,"Precision Optycally Isolated Voltage Sensor, ±1% Gain Tolerance, Bandwidth 100kHz, SSO-8",,,,,,
U3,1,MC33072DR2G,SOIC127P600X175-8N,,,,smt,Dual operational amplifier,SUBCKT,1=out1 2=in1- 3=in1+ 4=vee 5=in2+ 6=in2- 7=out2 8=vcc,,,${KICAD7_SYMBOL_DIR}/Simulation_SPICE.sp,kicad_builtin_opamp_dual
U4,1,TL331,SOT-23-5,,,,smt,"Single Differential Comparator with Open-Collector Output, SOT-23-5",,,,,,
